bet_num,matchup,pick,probability,ev,bet_size,won,profit,bankroll
1,DAL @ MEM,DAL,0.65,0.30000000000000004,75.00000000000001,True,75.00000000000001,1075.0
2,MIL @ TOR,MIL,0.65,0.30000000000000004,80.62500000000001,False,-80.62500000000001,994.375
3,DEN @ MIN,DEN,0.65,0.30000000000000004,74.57812500000001,False,-74.57812500000001,919.796875
4,LAC @ LAL,LAC,0.65,0.30000000000000004,68.98476562500001,False,-68.98476562500001,850.812109375
5,BKN @ MIA,BKN,0.65,0.30000000000000004,63.81090820312501,True,63.81090820312501,914.623017578125
6,CHA @ HOU,CHA,0.65,0.30000000000000004,68.59672631835939,False,-68.59672631835939,846.0262912597656
7,SAC @ GSW,SAC,0.5433333333333332,0.08666666666666645,18.330569643961542,False,-18.330569643961542,827.695721615804
8,GSW @ OKC,GSW,0.5439999999999999,0.08799999999999986,18.20930587554766,True,18.20930587554766,845.9050274913517
9,WAS @ MIA,WAS,0.5915,0.18300000000000005,38.70015500772935,False,-38.70015500772935,807.2048724836224
10,DAL @ DEN,DAL,0.647,0.29400000000000004,59.32955812754625,False,-59.32955812754625,747.8753143560762
11,BKN @ CHI,BKN,0.6335,0.2669999999999999,49.920677233268066,True,49.920677233268066,797.7959915893442
12,SAC @ HOU,SAC,0.65,0.30000000000000004,59.83469936920083,False,-59.83469936920083,737.9612922201434
13,UTA @ MIN,UTA,0.5265000000000001,0.05300000000000016,9.77798712191693,False,-9.77798712191693,728.1833050982265
14,BOS @ BKN,BOS,0.65,0.30000000000000004,54.613747882366994,True,54.613747882366994,782.7970529805934
15,ATL @ NOP,ATL,0.55,0.10000000000000009,19.569926324514853,True,19.569926324514853,802.3669793051083
16,LAL @ ORL,LAL,0.534,0.06800000000000006,13.640238648186854,False,-13.640238648186854,788.7267406569215
17,GSW @ CLE,GSW,0.65,0.30000000000000004,59.15450554926912,False,-59.15450554926912,729.5722351076524
18,LAL @ MIA,LAL,0.6359999999999999,0.2719999999999998,49.61091198732033,False,-49.61091198732033,679.961323120332
19,SAS @ IND,SAS,0.516,0.03200000000000003,5.439690584962661,False,-5.439690584962661,674.5216325353693
20,BOS @ MIN,BOS,0.65,0.30000000000000004,50.58912244015271,False,-50.58912244015271,623.9325100952167
21,GSW @ DET,GSW,0.65,0.30000000000000004,46.79493825714126,True,46.79493825714126,670.7274483523579
22,ATL @ OKC,ATL,0.65,0.30000000000000004,50.30455862642685,False,-50.30455862642685,620.4228897259311
23,SAC @ HOU,SAC,0.526,0.052000000000000046,8.065497566437111,False,-8.065497566437111,612.357392159494
24,DAL @ ORL,DAL,0.65,0.30000000000000004,45.92680441196206,True,45.92680441196206,658.284196571456
25,LAC @ NYK,LAC,0.65,0.30000000000000004,49.37131474285921,False,-49.37131474285921,608.9128818285968
26,PHX @ CHI,PHX,0.522,0.04400000000000004,6.698041700114571,True,6.698041700114571,615.6109235287114
27,SAS @ NYK,SAS,0.5820000000000001,0.16400000000000015,25.24004786467719,False,-25.24004786467719,590.3708756640342
28,POR @ SAC,POR,0.5680000000000001,0.13600000000000012,20.07260977257718,False,-20.07260977257718,570.298265891457
29,ATL @ ORL,ATL,0.65,0.30000000000000004,42.77236994185928,True,42.77236994185928,613.0706358333164
30,OKC @ SAC,OKC,0.65,0.30000000000000004,45.980297687498734,False,-45.980297687498734,567.0903381458177
31,MIN @ SAS,MIN,0.5960000000000001,0.19200000000000017,27.220336230999273,True,27.220336230999273,594.3106743768169
32,PHI @ DET,PHI,0.65,0.30000000000000004,44.573300578261275,True,44.573300578261275,638.8839749550782
33,UTA @ MEM,UTA,0.522,0.04400000000000004,7.027723724505867,True,7.027723724505867,645.9116986795841
34,MIL @ ORL,MIL,0.602,0.20399999999999996,32.94149663265878,False,-32.94149663265878,612.9702020469254
35,WAS @ BKN,WAS,0.524,0.04800000000000004,7.3556424245631105,False,-7.3556424245631105,605.6145596223622
36,IND @ PHI,IND,0.54,0.08000000000000007,12.112291192447255,False,-12.112291192447255,593.5022684299149
37,MIN @ GSW,MIN,0.65,0.30000000000000004,44.51267013224363,True,44.51267013224363,638.0149385621586
38,DAL @ NOP,DAL,0.65,0.30000000000000004,47.8511203921619,True,47.8511203921619,685.8660589543205
39,CHA @ NYK,CHA,0.534,0.06800000000000006,11.659723002223458,False,-11.659723002223458,674.206335952097
40,MIA @ SAS,MIA,0.62,0.24,40.452380157125816,True,40.452380157125816,714.6587161092228
41,CLE @ SAC,CLE,0.632,0.264,47.16747526320871,False,-47.16747526320871,667.4912408460141
42,MIA @ CHA,MIA,0.6140000000000001,0.2280000000000002,38.047000728222834,True,38.047000728222834,705.538241574237
43,DAL @ NOP,DAL,0.65,0.30000000000000004,52.91536811806778,False,-52.91536811806778,652.6228734561691
44,ORL @ BKN,ORL,0.57,0.1399999999999999,22.841800570965905,False,-22.841800570965905,629.7810728852032
45,ATL @ DET,ATL,0.65,0.30000000000000004,47.23358046639025,True,47.23358046639025,677.0146533515934
46,MIN @ GSW,MIN,0.65,0.30000000000000004,50.776099001369516,True,50.776099001369516,727.790752352963
47,MIL @ TOR,MIL,0.538,0.07600000000000007,13.828024294706308,True,13.828024294706308,741.6187766476693
48,CLE @ POR,CLE,0.6239999999999999,0.24799999999999978,45.98036415215545,True,45.98036415215545,787.5991407998247
49,DAL @ WAS,DAL,0.65,0.30000000000000004,59.06993555998686,True,59.06993555998686,846.6690763598116
50,MIN @ PHX,MIN,0.65,0.30000000000000004,63.50018072698588,False,-63.50018072698588,783.1688956328258
51,OKC @ GSW,OKC,0.65,0.30000000000000004,58.73766717246194,True,58.73766717246194,841.9065628052876
52,MIL @ CHA,MIL,0.624,0.248,52.19820689392783,True,52.19820689392783,894.1047696992155
53,NYK @ WAS,NYK,0.65,0.30000000000000004,67.05785772744117,True,67.05785772744117,961.1626274266566
54,PHI @ ATL,PHI,0.5379999999999999,0.07599999999999985,18.26208992110644,True,18.26208992110644,979.424717347763
55,BOS @ TOR,BOS,0.54,0.08000000000000007,19.58849434695528,True,19.58849434695528,999.0132116947183
56,LAL @ POR,LAL,0.65,0.30000000000000004,74.92599087710389,True,74.92599087710389,1073.939202571822
57,SAC @ SAS,SAC,0.65,0.30000000000000004,80.54544019288667,True,80.54544019288667,1154.4846427647087
58,DEN @ NOP,DEN,0.65,0.30000000000000004,86.58634820735317,False,-86.58634820735317,1067.8982945573555
59,PHX @ UTA,PHX,0.5680000000000001,0.13600000000000012,36.30854201495012,True,36.30854201495012,1104.2068365723055
60,HOU @ LAC,HOU,0.65,0.30000000000000004,82.81551274292292,False,-82.81551274292292,1021.3913238293826
61,NYK @ CHA,NYK,0.65,0.30000000000000004,76.6043492872037,True,76.6043492872037,1097.9956731165862
62,OKC @ GSW,OKC,0.65,0.30000000000000004,82.34967548374398,True,82.34967548374398,1180.3453486003302
63,DAL @ MIL,DAL,0.548,0.09600000000000009,28.32828836640795,False,-28.32828836640795,1152.0170602339222
64,MIA @ CHI,MIA,0.65,0.30000000000000004,86.40127951754418,False,-86.40127951754418,1065.615780716378
65,MIN @ NOP,MIN,0.5939999999999999,0.18799999999999972,50.083941693669686,True,50.083941693669686,1115.6997224100476
66,MEM @ SAS,MEM,0.6140000000000001,0.2280000000000002,63.59488417737277,True,63.59488417737277,1179.2946065874203
67,OKC @ POR,OKC,0.65,0.30000000000000004,88.44709549405654,True,88.44709549405654,1267.741702081477
68,BOS @ MEM,BOS,0.65,0.30000000000000004,95.08062765611078,True,95.08062765611078,1362.8223297375876
69,PHX @ UTA,PHX,0.5239999999999999,0.04799999999999982,16.35386795685099,True,16.35386795685099,1379.1761976944385
70,PHI @ BKN,PHI,0.5940000000000001,0.18800000000000017,64.82128129163867,True,64.82128129163867,1443.997478986077
71,SAC @ DAL,SAC,0.524,0.04800000000000004,17.32796974783294,True,17.32796974783294,1461.32544873391
72,MIA @ CHI,MIA,0.65,0.30000000000000004,109.59940865504326,True,109.59940865504326,1570.9248573889533
73,DEN @ DET,DEN,0.5800000000000001,0.16000000000000014,62.83699429555819,True,62.83699429555819,1633.7618516845116
74,MIL @ WAS,MIL,0.65,0.30000000000000004,122.5321388763384,True,122.5321388763384,1756.29399056085
75,BOS @ CHA,BOS,0.65,0.30000000000000004,131.72204929206376,False,-131.72204929206376,1624.5719412687863
76,HOU @ GSW,HOU,0.63,0.26,105.59717618247112,False,-105.59717618247112,1518.974765086315
77,LAC @ SAS,LAC,0.522,0.04400000000000004,16.70872241594948,True,16.70872241594948,1535.6834875022646
78,SAC @ NOP,SAC,0.65,0.30000000000000004,115.17626156266986,False,-115.17626156266986,1420.5072259395947
79,IND @ ATL,IND,0.628,0.256,90.91246246013407,True,90.91246246013407,1511.4196883997288
80,MIL @ BOS,MIL,0.65,0.30000000000000004,113.35647662997968,False,-113.35647662997968,1398.0632117697492
81,LAC @ SAS,LAC,0.65,0.30000000000000004,104.8547408827312,True,104.8547408827312,1502.9179526524804
82,UTA @ POR,UTA,0.65,0.30000000000000004,112.71884644893605,False,-112.71884644893605,1390.1991062035443
83,PHX @ MEM,PHX,0.65,0.30000000000000004,104.26493296526583,True,104.26493296526583,1494.4640391688101
84,MIA @ NYK,MIA,0.5720000000000001,0.14400000000000013,53.800705410077214,False,-53.800705410077214,1440.663333758733
85,NOP @ LAC,NOP,0.65,0.30000000000000004,108.04975003190499,True,108.04975003190499,1548.713083790638
86,NOP @ UTA,NOP,0.65,0.30000000000000004,116.15348128429787,False,-116.15348128429787,1432.55960250634
87,ATL @ WAS,ATL,0.65,0.30000000000000004,107.44197018797553,True,107.44197018797553,1540.0015726943157
88,TOR @ CLE,TOR,0.56,0.1200000000000001,46.20004718082951,False,-46.20004718082951,1493.8015255134862
89,PHX @ NYK,PHX,0.65,0.30000000000000004,112.03511441351148,True,112.03511441351148,1605.8366399269978
90,ATL @ BOS,ATL,0.65,0.30000000000000004,120.43774799452486,False,-120.43774799452486,1485.398891932473
91,MIN @ MEM,MIN,0.65,0.30000000000000004,111.40491689493548,True,111.40491689493548,1596.8038088274084
92,WAS @ DET,WAS,0.528,0.05600000000000005,22.35525332358374,True,22.35525332358374,1619.1590621509922
93,NOP @ UTA,NOP,0.6060000000000001,0.2120000000000002,85.81543029400267,False,-85.81543029400267,1533.3436318569895
94,TOR @ BKN,TOR,0.56,0.1200000000000001,46.00030895570973,False,-46.00030895570973,1487.3433229012799
95,MIL @ MIA,MIL,0.65,0.30000000000000004,111.550749217596,True,111.550749217596,1598.8940721188758
96,OKC @ MIN,OKC,0.5720000000000001,0.14400000000000013,57.56018659627958,False,-57.56018659627958,1541.3338855225961
97,ATL @ CLE,ATL,0.6000000000000002,0.2000000000000004,77.06669427612997,False,-77.06669427612997,1464.2671912464662
98,PHX @ TOR,PHX,0.65,0.30000000000000004,109.82003934348498,False,-109.82003934348498,1354.4471519029812
99,LAL @ DET,LAL,0.65,0.30000000000000004,101.5835363927236,True,101.5835363927236,1456.0306882957047
100,UTA @ MEM,UTA,0.65,0.30000000000000004,109.20230162217787,False,-109.20230162217787,1346.828386673527
101,PHI @ NOP,PHI,0.53,0.06000000000000005,20.202425800102922,False,-20.202425800102922,1326.625960873424
102,ATL @ SAS,ATL,0.65,0.30000000000000004,99.49694706550682,True,99.49694706550682,1426.122907938931
103,IND @ MIA,IND,0.638,0.276,98.40248064778623,False,-98.40248064778623,1327.7204272911447
104,MIL @ CHI,MIL,0.65,0.30000000000000004,99.57903204683586,False,-99.57903204683586,1228.1413952443088
105,IND @ MIA,IND,0.6219999999999999,0.24399999999999977,74.91662510990277,True,74.91662510990277,1303.0580203542115
106,OKC @ DAL,OKC,0.65,0.30000000000000004,97.72935152656588,True,97.72935152656588,1400.7873718807773
107,CLE @ DET,CLE,0.5839999999999999,0.1679999999999997,58.833069618992546,True,58.833069618992546,1459.6204414997699
108,ORL @ BKN,ORL,0.6260000000000001,0.2520000000000002,91.95608781448558,False,-91.95608781448558,1367.6643536852844
109,ATL @ MIL,ATL,0.528,0.05600000000000005,19.147300951593998,False,-19.147300951593998,1348.5170527336904
110,NOP @ CHI,NOP,0.65,0.30000000000000004,101.1387789550268,False,-101.1387789550268,1247.3782737786637
111,DEN @ SAC,DEN,0.618,0.236,73.59531815294116,False,-73.59531815294116,1173.7829556257225
112,GSW @ LAC,GSW,0.6,0.19999999999999996,58.68914778128611,False,-58.68914778128611,1115.0938078444365
113,POR @ UTA,POR,0.6140000000000001,0.2280000000000002,63.560347047132936,False,-63.560347047132936,1051.5334607973036
114,MEM @ DET,MEM,0.5259999999999999,0.051999999999999824,13.6699349903649,True,13.6699349903649,1065.2033957876686
115,OKC @ HOU,OKC,0.628,0.256,68.17301733041079,False,-68.17301733041079,997.0303784572578
116,DEN @ LAC,DEN,0.6220000000000001,0.24400000000000022,60.81885308589278,False,-60.81885308589278,936.211525371365
117,BKN @ ATL,BKN,0.59,0.17999999999999994,42.129518641711414,True,42.129518641711414,978.3410440130765
118,ORL @ CLE,ORL,0.65,0.30000000000000004,73.37557830098075,False,-73.37557830098075,904.9654657120957
119,NOP @ LAL,NOP,0.5740000000000001,0.14800000000000013,33.48372223134757,False,-33.48372223134757,871.4817434807482
120,GSW @ OKC,GSW,0.5239999999999999,0.04799999999999982,10.457780921768938,False,-10.457780921768938,861.0239625589792
121,DAL @ POR,DAL,0.534,0.06800000000000006,14.637407363502659,True,14.637407363502659,875.6613699224819
122,MIN @ MEM,MIN,0.622,0.244,53.41534356527139,True,53.41534356527139,929.0767134877533
123,CHI @ SAS,CHI,0.6379999999999999,0.2759999999999998,64.10629323065493,True,64.10629323065493,993.1830067184083
124,LAC @ UTA,LAC,0.65,0.30000000000000004,74.48872550388063,True,74.48872550388063,1067.671732222289
125,SAC @ PHX,SAC,0.6379999999999999,0.2759999999999998,73.66934952333789,True,73.66934952333789,1141.3410817456268
126,MIN @ NOP,MIN,0.55,0.10000000000000009,28.533527043640696,False,-28.533527043640696,1112.807554701986
127,IND @ DET,IND,0.65,0.30000000000000004,83.46056660264895,True,83.46056660264895,1196.2681213046349
128,MIA @ CHA,MIA,0.5700000000000001,0.14000000000000012,41.86938424566226,True,41.86938424566226,1238.1375055502972
129,DAL @ MEM,DAL,0.6020000000000001,0.20400000000000018,63.14501278306521,True,63.14501278306521,1301.2825183333623
130,BKN @ SAC,BKN,0.56,0.1200000000000001,39.0384755500009,False,-39.0384755500009,1262.2440427833615
131,GSW @ PHX,GSW,0.65,0.30000000000000004,94.66830320875212,False,-94.66830320875212,1167.5757395746093
132,NYK @ UTA,NYK,0.65,0.30000000000000004,87.56818046809572,False,-87.56818046809572,1080.0075591065136
133,ATL @ TOR,ATL,0.55,0.10000000000000009,27.000188977662862,False,-27.000188977662862,1053.0073701288507
134,IND @ MIL,IND,0.5580000000000002,0.11600000000000033,30.537213733736756,False,-30.537213733736756,1022.4701563951139
135,BKN @ PHX,BKN,0.6459999999999999,0.2919999999999998,74.64032141684326,True,74.64032141684326,1097.1104778119573
136,NOP @ WAS,NOP,0.65,0.30000000000000004,82.2832858358968,True,82.2832858358968,1179.393763647854
137,PHI @ DET,PHI,0.65,0.30000000000000004,88.45453227358907,True,88.45453227358907,1267.8482959214432
138,LAL @ SAS,LAL,0.65,0.30000000000000004,95.08862219410825,True,95.08862219410825,1362.9369181155514
139,OKC @ SAC,OKC,0.6260000000000001,0.2520000000000002,85.86502584127982,False,-85.86502584127982,1277.0718922742717
140,UTA @ POR,UTA,0.518,0.03600000000000003,11.493647030468455,True,11.493647030468455,1288.5655393047402
141,BKN @ DEN,BKN,0.65,0.30000000000000004,96.64241544785553,False,-96.64241544785553,1191.9231238568848
142,IND @ WAS,IND,0.65,0.30000000000000004,89.39423428926638,False,-89.39423428926638,1102.5288895676183
143,NYK @ PHX,NYK,0.5839999999999999,0.1679999999999997,46.30621336183989,True,46.30621336183989,1148.8351029294581
144,HOU @ MEM,HOU,0.6220000000000001,0.24400000000000022,70.078941278697,True,70.078941278697,1218.914044208155
145,NOP @ CHA,NOP,0.65,0.30000000000000004,91.41855331561165,True,91.41855331561165,1310.3325975237667
146,LAL @ SAS,LAL,0.65,0.30000000000000004,98.27494481428252,False,-98.27494481428252,1212.0576527094843
147,DAL @ POR,DAL,0.65,0.30000000000000004,90.90432395321133,True,90.90432395321133,1302.9619766626956
148,OKC @ DEN,OKC,0.5640000000000001,0.1280000000000001,41.694783253206296,True,41.694783253206296,1344.6567599159018
149,BKN @ GSW,BKN,0.5619999999999998,0.12399999999999967,41.684359557392845,False,-41.684359557392845,1302.972400358509
150,CHI @ MIA,CHI,0.536,0.07200000000000006,23.453503206453185,False,-23.453503206453185,1279.5188971520558
151,PHI @ CHA,PHI,0.65,0.30000000000000004,95.9639172864042,True,95.9639172864042,1375.48281443846
152,ATL @ CLE,ATL,0.522,0.04400000000000004,15.130310958823074,False,-15.130310958823074,1360.352503479637
153,GSW @ POR,GSW,0.63,0.26,88.42291272617642,True,88.42291272617642,1448.7754162058136
154,NOP @ SAS,NOP,0.65,0.30000000000000004,108.65815621543604,True,108.65815621543604,1557.4335724212497
155,DAL @ DEN,DAL,0.558,0.1160000000000001,45.16557360021628,False,-45.16557360021628,1512.2679988210334
156,MIN @ MIA,MIN,0.5660000000000001,0.13200000000000012,49.904843961094144,True,49.904843961094144,1562.1728427821276
157,LAC @ IND,LAC,0.65,0.30000000000000004,117.16296320865959,True,117.16296320865959,1679.3358059907873
158,HOU @ CLE,HOU,0.578,0.15599999999999992,65.49409643364066,False,-65.49409643364066,1613.8417095571467
159,PHX @ POR,PHX,0.5579999999999999,0.11599999999999988,46.80140957715721,False,-46.80140957715721,1567.0402999799894
160,BOS @ GSW,BOS,0.65,0.30000000000000004,117.52802249849923,False,-117.52802249849923,1449.5122774814902
161,MIA @ ORL,MIA,0.5839999999999999,0.1679999999999997,60.87951565422248,True,60.87951565422248,1510.3917931357128
162,LAC @ DAL,LAC,0.65,0.30000000000000004,113.27938448517847,True,113.27938448517847,1623.6711776208913
163,NYK @ BKN,NYK,0.65,0.30000000000000004,121.77533832156686,True,121.77533832156686,1745.446515942458
164,DEN @ TOR,DEN,0.62,0.24,104.72679095654748,True,104.72679095654748,1850.1733068990056
165,ATL @ HOU,ATL,0.5339999999999999,0.06799999999999984,31.45294621728302,True,31.45294621728302,1881.6262531162886
166,UTA @ CLE,UTA,0.5539999999999998,0.10799999999999965,50.80390883413963,False,-50.80390883413963,1830.822344282149
167,IND @ MEM,IND,0.65,0.30000000000000004,137.3116758211612,False,-137.3116758211612,1693.5106684609877
168,LAC @ OKC,LAC,0.5820000000000001,0.16400000000000015,69.43393740690055,False,-69.43393740690055,1624.0767310540873
169,NOP @ CLE,NOP,0.586,0.17199999999999993,69.83529943532572,True,69.83529943532572,1693.912030489413
170,UTA @ DET,UTA,0.65,0.30000000000000004,127.04340228670598,True,127.04340228670598,1820.9554327761189
171,DEN @ BKN,DEN,0.65,0.30000000000000004,136.57165745820893,True,136.57165745820893,1957.5270902343277
172,ATL @ MIA,ATL,0.598,0.19599999999999995,95.91882742148204,False,-95.91882742148204,1861.6082628128456
173,MIL @ NYK,MIL,0.65,0.30000000000000004,139.62061971096344,True,139.62061971096344,2001.228882523809
174,SAS @ DAL,SAS,0.5280000000000001,0.05600000000000027,28.01720435533346,False,-28.01720435533346,1973.2116781684756
175,DEN @ CHA,DEN,0.65,0.30000000000000004,147.9908758626357,True,147.9908758626357,2121.2025540311115
176,UTA @ TOR,UTA,0.5660000000000001,0.13200000000000012,69.99968428302674,True,69.99968428302674,2191.2022383141384
177,DAL @ PHX,DAL,0.5920000000000001,0.18400000000000016,100.79530296245045,True,100.79530296245045,2291.997541276589
178,BOS @ LAL,BOS,0.65,0.30000000000000004,171.8998155957442,True,171.8998155957442,2463.897356872333
179,GSW @ DEN,GSW,0.62,0.24,147.83384141233998,False,-147.83384141233998,2316.063515459993
180,MIL @ NYK,MIL,0.65,0.30000000000000004,173.70476365949952,False,-173.70476365949952,2142.358751800494
181,PHI @ MIA,PHI,0.5940000000000001,0.18800000000000017,100.69086133462329,False,-100.69086133462329,2041.6678904658704
182,SAC @ POR,SAC,0.65,0.30000000000000004,153.1250917849403,False,-153.1250917849403,1888.54279868093
183,BKN @ DET,BKN,0.564,0.1279999999999999,60.43336955778971,True,60.43336955778971,1948.9761682387198
184,UTA @ SAS,UTA,0.6259999999999999,0.2519999999999998,122.78549859903924,True,122.78549859903924,2071.761666837759
185,ATL @ CHI,ATL,0.526,0.052000000000000046,26.932901668890892,False,-26.932901668890892,2044.8287651688681
186,CLE @ DAL,CLE,0.622,0.244,124.73455467530096,True,124.73455467530096,2169.563319844169
187,MIL @ BKN,MIL,0.65,0.30000000000000004,162.71724898831272,True,162.71724898831272,2332.280568832482
188,PHI @ ORL,PHI,0.608,0.21599999999999997,125.94315071695401,True,125.94315071695401,2458.223719549436
189,UTA @ NOP,UTA,0.62,0.24,147.49342317296615,False,-147.49342317296615,2310.7302963764696
190,BKN @ WAS,BKN,0.524,0.04800000000000004,27.72876355651766,False,-27.72876355651766,2283.001532819952
191,NYK @ ORL,NYK,0.608,0.21599999999999997,123.28208277227739,False,-123.28208277227739,2159.7194500476744
192,MIL @ CLE,MIL,0.5919999999999999,0.18399999999999972,99.34709470219288,True,99.34709470219288,2259.0665447498673
193,TOR @ DET,TOR,0.53,0.06000000000000005,33.88599817124804,False,-33.88599817124804,2225.180546578619
194,PHI @ CHI,PHI,0.628,0.256,142.41155498103163,False,-142.41155498103163,2082.7689915975875
195,BOS @ SAS,BOS,0.65,0.30000000000000004,156.20767436981907,True,156.20767436981907,2238.9766659674065
196,LAL @ NOP,LAL,0.5239999999999999,0.04799999999999982,26.867719991608777,False,-26.867719991608777,2212.1089459757977
197,MIA @ LAC,MIA,0.542,0.08400000000000007,46.45428786549179,False,-46.45428786549179,2165.6546581103057
198,MIN @ NYK,MIN,0.5820000000000001,0.16400000000000015,88.79184098252261,False,-88.79184098252261,2076.8628171277833
199,BOS @ OKC,BOS,0.5939999999999999,0.18799999999999972,97.61255240500567,False,-97.61255240500567,1979.2502647227775
200,OKC @ ATL,OKC,0.65,0.30000000000000004,148.44376985420834,False,-148.44376985420834,1830.8064948685692
201,NOP @ MIN,NOP,0.5180000000000001,0.036000000000000254,16.47725845381724,True,16.47725845381724,1847.2837533223865
202,TOR @ MEM,TOR,0.65,0.30000000000000004,138.546281499179,True,138.546281499179,1985.8300348215655
203,DEN @ GSW,DEN,0.5559999999999999,0.11199999999999988,55.60324097500377,True,55.60324097500377,2041.4332757965692
204,MIL @ SAS,MIL,0.65,0.30000000000000004,153.1074956847427,True,153.1074956847427,2194.540771481312
205,OKC @ BKN,OKC,0.65,0.30000000000000004,164.5905578610984,False,-164.5905578610984,2029.9502136202134
206,DET @ GSW,DET,0.5459999999999999,0.09199999999999986,46.688854913264834,False,-46.688854913264834,1983.2613587069486
207,NYK @ WAS,NYK,0.65,0.30000000000000004,148.74460190302116,True,148.74460190302116,2132.00596060997
208,UTA @ PHI,UTA,0.596,0.19199999999999995,102.33628610927853,True,102.33628610927853,2234.3422467192486
209,MIL @ HOU,MIL,0.6260000000000001,0.2520000000000002,140.7635615433128,False,-140.7635615433128,2093.578685175936
210,LAC @ LAL,LAC,0.65,0.30000000000000004,157.0184013881952,False,-157.0184013881952,1936.5602837877407
211,TOR @ GSW,TOR,0.53,0.06000000000000005,29.048404256816134,True,29.048404256816134,1965.6086880445569
212,OKC @ WAS,OKC,0.65,0.30000000000000004,147.42065160334178,True,147.42065160334178,2113.0293396478987
213,UTA @ MIL,UTA,0.63,0.26,137.34690707711343,True,137.34690707711343,2250.376246725012
214,HOU @ MIA,HOU,0.6260000000000001,0.2520000000000002,141.77370354367588,False,-141.77370354367588,2108.6025431813364
215,TOR @ LAL,TOR,0.65,0.30000000000000004,158.14519073860026,False,-158.14519073860026,1950.457352442736
216,SAC @ DET,SAC,0.5640000000000001,0.1280000000000001,62.41463527816761,True,62.41463527816761,2012.8719877209037
217,OKC @ MIA,OKC,0.65,0.30000000000000004,150.9653990790678,True,150.9653990790678,2163.8373867999717
218,NOP @ GSW,NOP,0.56,0.1200000000000001,64.91512160399921,True,64.91512160399921,2228.7525084039708
219,HOU @ CHI,HOU,0.5559999999999999,0.11199999999999988,62.405070235311115,False,-62.405070235311115,2166.3474381686597
220,SAC @ CHA,SAC,0.65,0.30000000000000004,162.4760578626495,True,162.4760578626495,2328.8234960313093
221,NYK @ DAL,NYK,0.622,0.244,142.05823325790988,False,-142.05823325790988,2186.7652627733996
222,BOS @ MIL,BOS,0.65,0.30000000000000004,164.007394708005,False,-164.007394708005,2022.7578680653946
223,IND @ ATL,IND,0.5339999999999999,0.06799999999999984,34.386883757111626,True,34.386883757111626,2057.1447518225064
224,NOP @ DEN,NOP,0.52,0.040000000000000036,20.57144751822508,False,-20.57144751822508,2036.5733043042812
225,ORL @ MIA,ORL,0.53,0.06000000000000005,30.548599564564245,False,-30.548599564564245,2006.024704739717
226,LAC @ MEM,LAC,0.518,0.03600000000000003,18.054222342657468,True,18.054222342657468,2024.0789270823745
227,SAC @ PHI,SAC,0.65,0.30000000000000004,151.80591953117812,False,-151.80591953117812,1872.2730075511963
228,NYK @ MEM,NYK,0.536,0.07200000000000006,33.700914135921565,True,33.700914135921565,1905.9739216871178
229,LAC @ MIN,LAC,0.5840000000000001,0.16800000000000015,80.05090471085902,False,-80.05090471085902,1825.9230169762589
230,IND @ DEN,IND,0.54,0.08000000000000007,36.51846033952521,False,-36.51846033952521,1789.4045566367336
231,PHX @ POR,PHX,0.65,0.30000000000000004,134.20534174775503,True,134.20534174775503,1923.6098983844886
232,MIA @ BKN,MIA,0.5920000000000001,0.18400000000000016,88.48605532568655,True,88.48605532568655,2012.095953710175
233,OKC @ LAL,OKC,0.65,0.30000000000000004,150.90719652826314,False,-150.90719652826314,1861.188757181912
234,BOS @ TOR,BOS,0.5819999999999999,0.1639999999999997,76.30873904445825,True,76.30873904445825,1937.4974962263702
235,SAS @ ATL,SAS,0.62,0.24,116.24984977358221,False,-116.24984977358221,1821.247646452788
236,OKC @ LAC,OKC,0.5700000000000001,0.14000000000000012,63.74366762584764,False,-63.74366762584764,1757.5039788269405
237,DEN @ PHI,DEN,0.6,0.19999999999999996,87.87519894134701,False,-87.87519894134701,1669.6287798855935
238,MIN @ DET,MIN,0.58,0.15999999999999992,66.78515119542371,True,66.78515119542371,1736.4139310810172
239,BKN @ POR,BKN,0.56,0.1200000000000001,52.092417932430564,False,-52.092417932430564,1684.3215131485865
240,MIA @ TOR,MIA,0.542,0.08400000000000007,35.37075177612035,False,-35.37075177612035,1648.950761372466
241,CHI @ TOR,CHI,0.602,0.20399999999999996,84.09648882999575,True,84.09648882999575,1733.0472502024618
242,IND @ POR,IND,0.65,0.30000000000000004,129.97854376518464,False,-129.97854376518464,1603.0687064372771
243,PHI @ ORL,PHI,0.65,0.30000000000000004,120.2301529827958,True,120.2301529827958,1723.2988594200729
244,ATL @ MIA,ATL,0.56,0.1200000000000001,51.69896578260223,True,51.69896578260223,1774.9978252026751
245,SAS @ CHA,SAS,0.65,0.30000000000000004,133.12483689020064,False,-133.12483689020064,1641.8729883124745
246,CLE @ ATL,CLE,0.65,0.30000000000000004,123.14047412343561,True,123.14047412343561,1765.01346243591
247,PHI @ CHA,PHI,0.65,0.30000000000000004,132.37600968269328,True,132.37600968269328,1897.3894721186034
248,MIL @ DET,MIL,0.65,0.30000000000000004,142.30421040889527,True,142.30421040889527,2039.6936825274986
249,UTA @ HOU,UTA,0.65,0.30000000000000004,152.97702618956242,False,-152.97702618956242,1886.7166563379362
250,DEN @ WAS,DEN,0.5740000000000001,0.14800000000000013,69.8085162845037,True,69.8085162845037,1956.5251726224399
251,MIA @ ORL,MIA,0.5839999999999999,0.1679999999999997,82.17405725014233,False,-82.17405725014233,1874.3511153722975
252,BOS @ HOU,BOS,0.5459999999999999,0.09199999999999986,43.110075653562774,True,43.110075653562774,1917.4611910258602
253,CLE @ ORL,CLE,0.65,0.30000000000000004,143.80958932693954,True,143.80958932693954,2061.2707803527996
254,BOS @ DAL,BOS,0.608,0.21599999999999997,111.30862213905117,True,111.30862213905117,2172.579402491851
255,MIL @ DET,MIL,0.65,0.30000000000000004,162.94345518688885,True,162.94345518688885,2335.52285767874
256,NYK @ BKN,NYK,0.65,0.30000000000000004,175.16421432590553,True,175.16421432590553,2510.6870720046454
257,DEN @ IND,DEN,0.65,0.30000000000000004,188.30153040034844,True,188.30153040034844,2698.988602404994
258,UTA @ NOP,UTA,0.65,0.30000000000000004,202.42414518037455,False,-202.42414518037455,2496.564457224619
259,OKC @ SAS,OKC,0.5859999999999999,0.1719999999999997,107.35227166065845,True,107.35227166065845,2603.9167288852777
260,MEM @ MIA,MEM,0.52,0.040000000000000036,26.039167288852802,True,26.039167288852802,2629.9558961741304
261,POR @ HOU,POR,0.5339999999999999,0.06799999999999984,44.70925023496011,True,44.70925023496011,2674.6651464090905
262,MIN @ WAS,MIN,0.568,0.1359999999999999,90.93861497790901,True,90.93861497790901,2765.6037613869994
263,PHX @ DAL,PHX,0.65,0.30000000000000004,207.42028210402498,True,207.42028210402498,2973.0240434910243
264,MIN @ BKN,MIN,0.65,0.30000000000000004,222.97680326182686,True,222.97680326182686,3196.000846752851
265,BOS @ MIA,BOS,0.65,0.30000000000000004,239.70006350646386,True,239.70006350646386,3435.7009102593147
266,UTA @ WAS,UTA,0.65,0.30000000000000004,257.6775682694486,True,257.6775682694486,3693.3784785287635
267,PHI @ IND,PHI,0.65,0.30000000000000004,277.0033858896573,False,-277.0033858896573,3416.3750926391062
268,POR @ SAS,POR,0.576,0.1519999999999999,129.82225352028595,False,-129.82225352028595,3286.5528391188204
269,LAC @ TOR,LAC,0.65,0.30000000000000004,246.49146293391158,True,246.49146293391158,3533.044302052732
270,PHX @ IND,PHX,0.65,0.30000000000000004,264.97832265395493,False,-264.97832265395493,3268.065979398777
271,LAL @ GSW,LAL,0.5259999999999999,0.051999999999999824,42.484857732183954,True,42.484857732183954,3310.550837130961
272,UTA @ CHA,UTA,0.6359999999999999,0.2719999999999998,225.11745692490518,True,225.11745692490518,3535.668294055866
273,PHI @ DEN,PHI,0.65,0.30000000000000004,265.17512205419,False,-265.17512205419,3270.493172001676
274,HOU @ BKN,HOU,0.6360000000000001,0.27200000000000024,222.39353569611418,False,-222.39353569611418,3048.099636305562
275,SAC @ DAL,SAC,0.538,0.07600000000000007,57.913893089805725,True,57.913893089805725,3106.0135293953676
276,OKC @ DET,OKC,0.65,0.30000000000000004,232.9510147046526,False,-232.9510147046526,2873.062514690715
277,PHX @ ORL,PHX,0.65,0.30000000000000004,215.47968860180367,False,-215.47968860180367,2657.582826088911
278,PHI @ POR,PHI,0.6479999999999999,0.2959999999999998,196.6611291305793,False,-196.6611291305793,2460.9216969583317
279,LAC @ CLE,LAC,0.5640000000000001,0.1280000000000001,78.74949430266669,False,-78.74949430266669,2382.172202655665
280,LAL @ HOU,LAL,0.6119999999999999,0.22399999999999975,133.4016433487171,False,-133.4016433487171,2248.7705593069477
281,PHX @ MIA,PHX,0.65,0.30000000000000004,168.6577919480211,True,168.6577919480211,2417.4283512549687
282,UTA @ BKN,UTA,0.6479999999999999,0.2959999999999998,178.88969799286758,False,-178.88969799286758,2238.538653262101
283,SAC @ MEM,SAC,0.6459999999999999,0.2919999999999998,163.41332168813327,True,163.41332168813327,2401.951974950234
284,NYK @ CHA,NYK,0.65,0.30000000000000004,180.1463981212676,True,180.1463981212676,2582.098373071502
285,MIL @ DEN,MIL,0.65,0.30000000000000004,193.65737798036267,False,-193.65737798036267,2388.4409950911395
286,LAL @ ATL,LAL,0.65,0.30000000000000004,179.13307463183548,False,-179.13307463183548,2209.307920459304
287,MIL @ POR,MIL,0.578,0.15599999999999992,86.16300889791282,False,-86.16300889791282,2123.1449115613914
288,LAC @ WAS,LAC,0.65,0.30000000000000004,159.2358683671044,True,159.2358683671044,2282.380779928496
289,CHI @ CHA,CHI,0.588,0.17599999999999993,100.42475431685378,True,100.42475431685378,2382.80553424535
290,PHX @ BKN,PHX,0.59,0.17999999999999994,107.2262490410407,True,107.2262490410407,2490.0317832863907
291,DAL @ MIN,DAL,0.52,0.040000000000000036,24.90031783286393,False,-24.90031783286393,2465.1314654535267
292,SAC @ MIA,SAC,0.65,0.30000000000000004,184.88485990901452,False,-184.88485990901452,2280.246605544512
293,CLE @ MEM,CLE,0.65,0.30000000000000004,171.01849541583843,True,171.01849541583843,2451.2651009603505
294,LAC @ DET,LAC,0.65,0.30000000000000004,183.8448825720263,True,183.8448825720263,2635.1099835323766
295,GSW @ MEM,GSW,0.65,0.30000000000000004,197.63324876492828,True,197.63324876492828,2832.743232297305
296,POR @ DEN,POR,0.59,0.17999999999999994,127.47344545337869,False,-127.47344545337869,2705.2697868439263
297,BKN @ PHI,BKN,0.54,0.08000000000000007,54.10539573687858,True,54.10539573687858,2759.375182580805
298,CLE @ SAS,CLE,0.6480000000000001,0.29600000000000026,204.19376351097975,True,204.19376351097975,2963.5689460917847
299,SAC @ CHI,SAC,0.6360000000000001,0.27200000000000024,201.52268833424154,True,201.52268833424154,3165.0916344260263
300,LAC @ MIA,LAC,0.65,0.30000000000000004,237.381872581952,True,237.381872581952,3402.4735070079782
301,HOU @ MIN,HOU,0.608,0.21599999999999997,183.7335693784308,False,-183.7335693784308,3218.7399376295475
302,PHX @ WAS,PHX,0.566,0.1319999999999999,106.21841794177499,True,106.21841794177499,3324.9583555713225
303,IND @ CHA,IND,0.65,0.30000000000000004,249.37187666784922,True,249.37187666784922,3574.330232239172
304,DAL @ PHI,DAL,0.598,0.19599999999999995,175.14218137971937,True,175.14218137971937,3749.472413618891
305,LAL @ CHA,LAL,0.65,0.30000000000000004,281.21043102141687,True,281.21043102141687,4030.682844640308
306,ORL @ MIA,ORL,0.65,0.30000000000000004,302.3012133480231,False,-302.3012133480231,3728.3816312922845
307,TOR @ CHA,TOR,0.632,0.264,246.0731876652908,True,246.0731876652908,3974.4548189575753
308,CLE @ WAS,CLE,0.65,0.30000000000000004,298.0841114218182,True,298.0841114218182,4272.538930379394
309,GSW @ PHI,GSW,0.65,0.30000000000000004,320.44041977845455,True,320.44041977845455,4592.979350157848
310,ATL @ BOS,ATL,0.65,0.30000000000000004,344.47345126183865,False,-344.47345126183865,4248.505898896009
311,GSW @ IND,GSW,0.6140000000000001,0.2280000000000002,242.16483623707273,True,242.16483623707273,4490.6707351330815
312,MIN @ MIL,MIN,0.5939999999999999,0.18799999999999972,211.0615245512545,True,211.0615245512545,4701.732259684336
313,CHI @ MEM,CHI,0.65,0.30000000000000004,352.62991947632526,True,352.62991947632526,5054.362179160661
314,CLE @ BKN,CLE,0.64,0.28,353.8053525412463,True,353.8053525412463,5408.167531701907
315,DET @ POR,DET,0.5539999999999999,0.10799999999999987,146.02052335595133,True,146.02052335595133,5554.188055057858
316,ATL @ PHI,ATL,0.65,0.30000000000000004,416.5641041293394,True,416.5641041293394,5970.752159187197
317,DEN @ SAC,DEN,0.5239999999999999,0.04799999999999982,71.6490259102461,False,-71.6490259102461,5899.103133276952
318,NOP @ LAL,NOP,0.554,0.1080000000000001,159.27578459847783,False,-159.27578459847783,5739.827348678474
319,CLE @ TOR,CLE,0.65,0.30000000000000004,430.4870511508856,True,430.4870511508856,6170.314399829359
320,PHI @ WAS,PHI,0.5640000000000001,0.1280000000000001,197.45006079453967,True,197.45006079453967,6367.764460623898
321,NOP @ POR,NOP,0.628,0.256,407.5369254799295,True,407.5369254799295,6775.301386103828
322,SAC @ OKC,SAC,0.524,0.04800000000000004,81.30361663324601,False,-81.30361663324601,6693.997769470582
323,BOS @ MIA,BOS,0.6019999999999999,0.20399999999999974,341.39388624299926,True,341.39388624299926,7035.391655713582
324,IND @ CHA,IND,0.65,0.30000000000000004,527.6543741785187,False,-527.6543741785187,6507.737281535063
325,GSW @ UTA,GSW,0.64,0.28,455.5416097074544,True,455.5416097074544,6963.278891242517
326,NOP @ MEM,NOP,0.65,0.30000000000000004,522.2459168431889,True,522.2459168431889,7485.524808085705
327,OKC @ ORL,OKC,0.532,0.06400000000000006,119.76839692937139,True,119.76839692937139,7605.293205015077
328,MIN @ POR,MIN,0.65,0.30000000000000004,570.3969903761308,True,570.3969903761308,8175.690195391207
329,BOS @ BKN,BOS,0.65,0.30000000000000004,613.1767646543407,True,613.1767646543407,8788.866960045549
330,MIA @ MIL,MIA,0.5239999999999999,0.04799999999999982,105.4664035205462,True,105.4664035205462,8894.333363566095
331,ATL @ CHA,ATL,0.65,0.30000000000000004,667.0750022674572,False,-667.0750022674572,8227.258361298638
332,LAL @ UTA,LAL,0.6180000000000001,0.2360000000000002,485.4082433166201,True,485.4082433166201,8712.666604615259
333,IND @ TOR,IND,0.6479999999999999,0.2959999999999998,644.7373287415287,True,644.7373287415287,9357.403933356787
334,HOU @ MEM,HOU,0.598,0.19599999999999995,458.51279273448245,False,-458.51279273448245,8898.891140622305
335,GSW @ UTA,GSW,0.65,0.30000000000000004,667.4168355466729,True,667.4168355466729,9566.307976168979
336,MIN @ POR,MIN,0.65,0.30000000000000004,717.4730982126736,True,717.4730982126736,10283.781074381652
337,MIL @ MEM,MIL,0.5359999999999999,0.07199999999999984,185.1080593388693,False,-185.1080593388693,10098.673015042783
338,BOS @ CHI,BOS,0.642,0.28400000000000003,717.0057840680377,True,717.0057840680377,10815.678799110821
339,PHX @ HOU,PHX,0.65,0.30000000000000004,811.1759099333117,False,-811.1759099333117,10004.50288917751
340,CLE @ PHI,CLE,0.554,0.1080000000000001,270.121578007793,False,-270.121578007793,9734.381311169716
341,DEN @ POR,DEN,0.65,0.30000000000000004,730.0785983377289,True,730.0785983377289,10464.459909507445
342,BOS @ NYK,BOS,0.65,0.30000000000000004,784.8344932130584,True,784.8344932130584,11249.294402720503
343,ORL @ DET,ORL,0.65,0.30000000000000004,843.6970802040379,True,843.6970802040379,12092.99148292454
344,ORL @ ATL,ORL,0.5459999999999999,0.09199999999999986,278.13880410726404,False,-278.13880410726404,11814.852678817277
345,CHA @ POR,CHA,0.65,0.30000000000000004,886.1139509112959,True,886.1139509112959,12700.966629728573
346,LAL @ PHX,LAL,0.65,0.30000000000000004,952.5724972296431,False,-952.5724972296431,11748.39413249893
347,OKC @ HOU,OKC,0.65,0.30000000000000004,881.1295599374199,True,881.1295599374199,12629.52369243635
348,CLE @ WAS,CLE,0.5800000000000001,0.16000000000000014,505.1809476974545,True,505.1809476974545,13134.704640133805
349,DAL @ IND,DAL,0.6439999999999999,0.2879999999999998,945.6987340896334,False,-945.6987340896334,12189.00590604417
350,SAC @ LAC,SAC,0.5740000000000001,0.14800000000000013,450.9932185236347,True,450.9932185236347,12639.999124567805
351,GSW @ WAS,GSW,0.65,0.30000000000000004,947.9999343425854,True,947.9999343425854,13587.99905891039
352,MIA @ POR,MIA,0.65,0.30000000000000004,1019.0999294182794,True,1019.0999294182794,14607.098988328671
353,DAL @ CLE,DAL,0.65,0.30000000000000004,1095.5324241246506,False,-1095.5324241246506,13511.56656420402
354,NOP @ NYK,NOP,0.5880000000000001,0.17600000000000016,594.5089288249774,True,594.5089288249774,14106.075493028999
355,LAL @ LAC,LAL,0.65,0.30000000000000004,1057.955661977175,True,1057.955661977175,15164.031155006174
356,MIL @ CHA,MIL,0.5940000000000001,0.18800000000000017,712.7094642852908,True,712.7094642852908,15876.740619291464
357,ATL @ BKN,ATL,0.65,0.30000000000000004,1190.75554644686,False,-1190.75554644686,14685.985072844604
358,OKC @ SAS,OKC,0.65,0.30000000000000004,1101.4488804633454,False,-1101.4488804633454,13584.536192381258
359,GSW @ NYK,GSW,0.65,0.30000000000000004,1018.8402144285945,True,1018.8402144285945,14603.376406809852
360,CLE @ DET,CLE,0.578,0.15599999999999992,569.5316798655839,True,569.5316798655839,15172.908086675436
361,IND @ NOP,IND,0.65,0.30000000000000004,1137.9681065006578,False,-1137.9681065006578,14034.939980174779
362,MIL @ CHI,MIL,0.6240000000000001,0.24800000000000022,870.166278770837,True,870.166278770837,14905.106258945616
363,ATL @ BKN,ATL,0.5800000000000001,0.16000000000000014,596.2042503578251,False,-596.2042503578251,14308.902008587791
364,DEN @ LAL,DEN,0.59,0.17999999999999994,643.9005903864504,True,643.9005903864504,14952.802598974242
365,IND @ SAS,IND,0.6359999999999999,0.2719999999999998,1016.7905767302477,False,-1016.7905767302477,13936.012022243995
366,OKC @ PHX,OKC,0.65,0.30000000000000004,1045.2009016682998,True,1045.2009016682998,14981.212923912295
367,OKC @ LAL,OKC,0.566,0.1319999999999999,494.3800264891053,False,-494.3800264891053,14486.83289742319
368,IND @ DAL,IND,0.516,0.03200000000000003,115.89466317938562,True,115.89466317938562,14602.727560602576
369,ATL @ NYK,ATL,0.55,0.10000000000000009,365.0681890150647,True,365.0681890150647,14967.79574961764
370,BOS @ CLE,BOS,0.65,0.30000000000000004,1122.5846812213233,False,-1122.5846812213233,13845.211068396316
371,SAS @ HOU,SAS,0.548,0.09600000000000009,332.2850656415119,False,-332.2850656415119,13512.926002754804
372,ORL @ CHA,ORL,0.65,0.30000000000000004,1013.4694502066105,True,1013.4694502066105,14526.395452961415
373,ORL @ WAS,ORL,0.612,0.22399999999999998,813.4781453658392,True,813.4781453658392,15339.873598327255
374,OKC @ POR,OKC,0.642,0.28400000000000003,1089.1310254812352,True,1089.1310254812352,16429.00462380849
375,MIL @ GSW,MIL,0.65,0.30000000000000004,1232.175346785637,False,-1232.175346785637,15196.829277022855
376,BOS @ DEN,BOS,0.56,0.1200000000000001,455.90487831068606,False,-455.90487831068606,14740.924398712168
377,MIA @ DAL,MIA,0.584,0.16799999999999993,619.1188247459108,False,-619.1188247459108,14121.805573966258
378,BKN @ DET,BKN,0.6219999999999999,0.24399999999999977,861.4301400119409,False,-861.4301400119409,13260.375433954317
379,ORL @ NYK,ORL,0.65,0.30000000000000004,994.528157546574,False,-994.528157546574,12265.847276407743
380,MIN @ CLE,MIN,0.5559999999999999,0.11199999999999988,343.44372373941644,False,-343.44372373941644,11922.403552668327
381,NOP @ PHI,NOP,0.6239999999999999,0.24799999999999978,739.1890202654356,True,739.1890202654356,12661.592572933763
382,ATL @ MEM,ATL,0.6040000000000001,0.20800000000000018,658.4028137925562,True,658.4028137925562,13319.99538672632
383,BKN @ CHA,BKN,0.65,0.30000000000000004,998.9996540044741,False,-998.9996540044741,12320.995732721845
384,DAL @ DET,DAL,0.6140000000000001,0.2280000000000002,702.2967567651458,True,702.2967567651458,13023.29248948699
385,BOS @ PHX,BOS,0.5539999999999999,0.10799999999999987,351.62889721614835,True,351.62889721614835,13374.92138670314
386,CHI @ LAC,CHI,0.5640000000000001,0.1280000000000001,427.99748437450086,False,-427.99748437450086,12946.923902328639
387,NOP @ ATL,NOP,0.65,0.30000000000000004,971.0192926746481,True,971.0192926746481,13917.943195003287
388,PHI @ NYK,PHI,0.5820000000000001,0.16400000000000015,570.6356709951352,True,570.6356709951352,14488.578865998423
389,PHX @ CLE,PHX,0.56,0.1200000000000001,434.65736597995306,True,434.65736597995306,14923.236231978375
390,BOS @ POR,BOS,0.5939999999999999,0.18799999999999972,701.3921029029826,True,701.3921029029826,15624.628334881358
391,HOU @ SAS,HOU,0.606,0.21199999999999997,828.1053017487118,True,828.1053017487118,16452.73363663007
392,WAS @ MEM,WAS,0.5800000000000001,0.16000000000000014,658.1093454652033,False,-658.1093454652033,15794.624291164866
393,BOS @ UTA,BOS,0.588,0.17599999999999993,694.9634688112538,True,694.9634688112538,16489.58775997612
394,PHI @ NYK,PHI,0.5359999999999999,0.07199999999999984,296.81257967956947,False,-296.81257967956947,16192.775180296549
395,ATL @ POR,ATL,0.5180000000000001,0.036000000000000254,145.73497662266996,False,-145.73497662266996,16047.040203673878
396,DEN @ MIA,DEN,0.65,0.30000000000000004,1203.528015275541,True,1203.528015275541,17250.56821894942
397,DAL @ OKC,DAL,0.6060000000000001,0.2120000000000002,914.28011560432,False,-914.28011560432,16336.288103345098
398,DEN @ SAS,DEN,0.65,0.30000000000000004,1225.2216077508824,True,1225.2216077508824,17561.50971109598
399,PHX @ CHA,PHX,0.65,0.30000000000000004,1317.1132283321986,True,1317.1132283321986,18878.622939428176
400,ORL @ TOR,ORL,0.5559999999999999,0.11199999999999988,528.6014423039884,True,528.6014423039884,19407.224381732165
401,CHA @ PHI,CHA,0.6219999999999999,0.24399999999999977,1183.840687285661,False,-1183.840687285661,18223.383694446504
402,OKC @ MEM,OKC,0.65,0.30000000000000004,1366.7537770834879,True,1366.7537770834879,19590.13747152999
403,BOS @ WAS,BOS,0.65,0.30000000000000004,1469.2603103647496,True,1469.2603103647496,21059.39778189474
404,PHX @ MIL,PHX,0.568,0.1359999999999999,716.0195245844205,False,-716.0195245844205,20343.37825731032
405,MIN @ UTA,MIN,0.578,0.15599999999999992,793.3917520351021,True,793.3917520351021,21136.770009345422
406,MIA @ PHI,MIA,0.5519999999999998,0.10399999999999965,549.5560202429791,False,-549.5560202429791,20587.21398910244
407,NOP @ BKN,NOP,0.65,0.30000000000000004,1544.0410491826833,True,1544.0410491826833,22131.255038285126
408,HOU @ WAS,HOU,0.65,0.30000000000000004,1659.8441278713847,True,1659.8441278713847,23791.09916615651
409,DEN @ MIN,DEN,0.5800000000000001,0.16000000000000014,951.6439666462612,True,951.6439666462612,24742.74313280277
410,DAL @ SAS,DAL,0.65,0.30000000000000004,1855.705734960208,True,1855.705734960208,26598.448867762978
411,LAC @ POR,LAC,0.526,0.052000000000000046,345.77983528091903,True,345.77983528091903,26944.228703043897
412,IND @ DET,IND,0.65,0.30000000000000004,2020.8171527282925,True,2020.8171527282925,28965.04585577219
413,SAC @ TOR,SAC,0.65,0.30000000000000004,2172.3784391829145,True,2172.3784391829145,31137.424294955104
414,SAC @ WAS,SAC,0.65,0.30000000000000004,2335.306822121633,False,-2335.306822121633,28802.11747283347
415,BOS @ DET,BOS,0.65,0.30000000000000004,2160.1588104625107,True,2160.1588104625107,30962.27628329598
416,LAC @ POR,LAC,0.576,0.1519999999999999,1176.5664987652467,True,1176.5664987652467,32138.842782061227
417,NOP @ MIA,NOP,0.56,0.1200000000000001,964.1652834618377,True,964.1652834618377,33103.00806552306
418,OKC @ TOR,OKC,0.65,0.30000000000000004,2482.72560491423,True,2482.72560491423,35585.733670437294
419,PHX @ SAS,PHX,0.65,0.30000000000000004,2668.9300252827975,True,2668.9300252827975,38254.66369572009
420,DEN @ POR,DEN,0.65,0.30000000000000004,2869.099777179007,True,2869.099777179007,41123.763472899096
421,BOS @ CHI,BOS,0.65,0.30000000000000004,3084.2822604674325,True,3084.2822604674325,44208.045733366525
422,NOP @ DET,NOP,0.65,0.30000000000000004,3315.60343000249,True,3315.60343000249,47523.64916336902
423,OKC @ MIL,OKC,0.56,0.1200000000000001,1425.7094749010719,False,-1425.7094749010719,46097.939688467945
424,DAL @ UTA,DAL,0.65,0.30000000000000004,3457.3454766350965,True,3457.3454766350965,49555.28516510304
425,IND @ LAC,IND,0.65,0.30000000000000004,3716.646387382729,True,3716.646387382729,53271.931552485774
426,PHX @ SAS,PHX,0.65,0.30000000000000004,3995.394866436434,False,-3995.394866436434,49276.53668604934
427,BOS @ ATL,BOS,0.65,0.30000000000000004,3695.7402514537007,False,-3695.7402514537007,45580.796434595635
428,GSW @ MIA,GSW,0.5839999999999999,0.1679999999999997,1914.3934502530133,True,1914.3934502530133,47495.189884848645
429,LAL @ MEM,LAL,0.65,0.30000000000000004,3562.139241363649,True,3562.139241363649,51057.329126212295
430,LAC @ PHI,LAC,0.562,0.12400000000000011,1582.7772029125827,True,1582.7772029125827,52640.10632912488
431,IND @ CHI,IND,0.6379999999999999,0.2759999999999998,3632.167336709614,False,-3632.167336709614,49007.938992415264
432,HOU @ OKC,HOU,0.65,0.30000000000000004,3675.595424431145,True,3675.595424431145,52683.53441684641
433,NYK @ TOR,NYK,0.65,0.30000000000000004,3951.265081263481,True,3951.265081263481,56634.79949810989
434,CLE @ CHA,CLE,0.65,0.30000000000000004,4247.609962358242,False,-4247.609962358242,52387.18953575165
435,SAS @ UTA,SAS,0.598,0.19599999999999995,2566.97228725183,True,2566.97228725183,54954.16182300348
436,BOS @ ATL,BOS,0.5700000000000001,0.14000000000000012,1923.3956638051236,False,-1923.3956638051236,53030.766159198356
437,MIL @ NOP,MIL,0.608,0.21599999999999997,2863.661372596711,False,-2863.661372596711,50167.104786601645
438,CHI @ BKN,CHI,0.59,0.17999999999999994,2257.5197153970735,False,-2257.5197153970735,47909.58507120457
439,GSW @ CHA,GSW,0.65,0.30000000000000004,3593.2188803403433,True,3593.2188803403433,51502.80395154491
440,NYK @ SAS,NYK,0.65,0.30000000000000004,3862.710296365869,False,-3862.710296365869,47640.093655179044
441,PHX @ OKC,PHX,0.53,0.06000000000000005,714.6014048276863,False,-714.6014048276863,46925.49225035136
442,LAC @ ORL,LAC,0.526,0.052000000000000046,610.0313992545682,True,610.0313992545682,47535.52364960593
443,DAL @ SAC,DAL,0.65,0.30000000000000004,3565.164273720445,True,3565.164273720445,51100.687923326375
444,HOU @ UTA,HOU,0.65,0.30000000000000004,3832.5515942494785,True,3832.5515942494785,54933.23951757586
445,LAL @ IND,LAL,0.6479999999999998,0.2959999999999996,4065.0597243006077,False,-4065.0597243006077,50868.17979327525
446,BOS @ NOP,BOS,0.6,0.19999999999999996,2543.408989663762,True,2543.408989663762,53411.58878293901
447,PHI @ TOR,PHI,0.6140000000000001,0.2280000000000002,3044.4605606275263,True,3044.4605606275263,56456.04934356654
448,LAC @ CHA,LAC,0.65,0.30000000000000004,4234.203700767491,True,4234.203700767491,60690.25304433403
449,LAL @ BKN,LAL,0.65,0.30000000000000004,4551.768978325053,True,4551.768978325053,65242.02202265908
450,PHX @ NOP,PHX,0.5339999999999999,0.06799999999999984,1109.1143743852017,True,1109.1143743852017,66351.13639704429
451,MEM @ DET,MEM,0.552,0.10400000000000009,1725.1295463231531,True,1725.1295463231531,68076.26594336744
452,BOS @ CHA,BOS,0.65,0.30000000000000004,5105.7199457525585,True,5105.7199457525585,73181.98588912
453,ATL @ CHI,ATL,0.65,0.30000000000000004,5488.648941684,True,5488.648941684,78670.634830804
454,NYK @ MIA,NYK,0.5700000000000001,0.14000000000000012,2753.4722190781426,False,-2753.4722190781426,75917.16261172586
455,DAL @ GSW,DAL,0.602,0.20399999999999996,3871.775293198018,False,-3871.775293198018,72045.38731852784
456,OKC @ PHI,OKC,0.542,0.08400000000000007,1512.953133689086,False,-1512.953133689086,70532.43418483876
457,CLE @ UTA,CLE,0.564,0.1279999999999999,2257.037893914838,True,2257.037893914838,72789.47207875359
458,MIL @ WAS,MIL,0.6239999999999999,0.24799999999999978,4512.947268882718,False,-4512.947268882718,68276.52480987087
459,HOU @ MIN,HOU,0.5920000000000001,0.18400000000000016,3140.7201412540626,False,-3140.7201412540626,65135.80466861681
460,LAL @ TOR,LAL,0.65,0.30000000000000004,4885.185350146261,True,4885.185350146261,70020.99001876307
461,LAL @ WAS,LAL,0.65,0.30000000000000004,5251.574251407231,True,5251.574251407231,75272.5642701703
462,IND @ BKN,IND,0.5920000000000001,0.18400000000000016,3462.537956427837,False,-3462.537956427837,71810.02631374246
463,GSW @ HOU,GSW,0.578,0.15599999999999992,2800.5910262359544,True,2800.5910262359544,74610.61733997842
464,NYK @ CHI,NYK,0.5780000000000001,0.15600000000000014,2909.8140762591606,False,-2909.8140762591606,71700.80326371925
465,GSW @ DAL,GSW,0.524,0.04800000000000004,860.4096391646318,False,-860.4096391646318,70840.39362455462
466,ORL @ CHA,ORL,0.602,0.20399999999999996,3612.860074852285,False,-3612.860074852285,67227.53354970233
467,SAS @ NOP,SAS,0.65,0.30000000000000004,5042.065016227676,True,5042.065016227676,72269.59856593
468,MIA @ HOU,MIA,0.552,0.10400000000000009,1879.0095627141818,True,1879.0095627141818,74148.60812864419
469,MIN @ PHX,MIN,0.548,0.09600000000000009,1779.5665950874622,False,-1779.5665950874622,72369.04153355672
470,ATL @ DEN,ATL,0.59,0.17999999999999994,3256.6068690100515,False,-3256.6068690100515,69112.43466454667
471,PHI @ MEM,PHI,0.5359999999999999,0.07199999999999984,1244.0238239618375,True,1244.0238239618375,70356.4584885085
472,PHI @ SAS,PHI,0.5419999999999999,0.08399999999999985,1477.4856282586761,True,1477.4856282586761,71833.94411676718
473,OKC @ CHA,OKC,0.588,0.17599999999999993,3160.6935411377544,True,3160.6935411377544,74994.63765790492
474,MIA @ IND,MIA,0.562,0.12400000000000011,2324.8337673950546,False,-2324.8337673950546,72669.80389050987
475,ORL @ HOU,ORL,0.65,0.30000000000000004,5450.235291788241,False,-5450.235291788241,67219.56859872163
476,SAS @ MEM,SAS,0.554,0.1080000000000001,1814.9283521654856,True,1814.9283521654856,69034.49695088711
477,NYK @ CHI,NYK,0.528,0.05600000000000005,966.4829573124205,True,966.4829573124205,70000.97990819953
478,MIA @ ATL,MIA,0.56,0.1200000000000001,2100.0293972459876,True,2100.0293972459876,72101.00930544552
479,BOS @ MIL,BOS,0.65,0.30000000000000004,5407.575697908414,False,-5407.575697908414,66693.43360753711
480,SAC @ OKC,SAC,0.532,0.06400000000000006,1067.0949377205948,False,-1067.0949377205948,65626.33866981651
481,DEN @ UTA,DEN,0.65,0.30000000000000004,4921.975400236239,True,4921.975400236239,70548.31407005276
482,IND @ TOR,IND,0.65,0.30000000000000004,5291.123555253957,True,5291.123555253957,75839.43762530672
483,LAC @ PHX,LAC,0.584,0.16799999999999993,3185.2563802628806,True,3185.2563802628806,79024.6940055696
484,DAL @ CHA,DAL,0.65,0.30000000000000004,5926.852050417721,True,5926.852050417721,84951.54605598733
485,ORL @ MIL,ORL,0.624,0.248,5266.995855471215,False,-5266.995855471215,79684.55020051611
486,MEM @ CLE,MEM,0.522,0.04400000000000004,876.530052205678,False,-876.530052205678,78808.02014831043
487,TOR @ BKN,TOR,0.562,0.12400000000000011,2443.0486245976253,False,-2443.0486245976253,76364.97152371281
488,DAL @ MIA,DAL,0.588,0.17599999999999993,3360.0587470433625,True,3360.0587470433625,79725.03027075618
489,HOU @ UTA,HOU,0.6259999999999999,0.2519999999999998,5022.676907057635,False,-5022.676907057635,74702.35336369854
490,CHI @ DET,CHI,0.6239999999999999,0.24799999999999978,4631.545908549305,True,4631.545908549305,79333.89927224784
491,GSW @ POR,GSW,0.65,0.30000000000000004,5950.0424454185895,True,5950.0424454185895,85283.94171766643
492,HOU @ POR,HOU,0.596,0.19199999999999995,4093.6292024479876,True,4093.6292024479876,89377.57092011442
493,IND @ CLE,IND,0.65,0.30000000000000004,6703.317819008583,False,-6703.317819008583,82674.25310110583
494,PHX @ SAC,PHX,0.5820000000000001,0.16400000000000015,3389.644377145342,True,3389.644377145342,86063.89747825118
495,LAL @ MEM,LAL,0.65,0.30000000000000004,6454.792310868839,True,6454.792310868839,92518.68978912002
496,DEN @ SAS,DEN,0.65,0.30000000000000004,6938.901734184003,False,-6938.901734184003,85579.78805493601
497,MIL @ ORL,MIL,0.5339999999999999,0.06799999999999984,1454.8563969339089,False,-1454.8563969339089,84124.9316580021
498,DEN @ MEM,DEN,0.65,0.30000000000000004,6309.369874350158,True,6309.369874350158,90434.30153235226
